{
    "gamma": 0.08402580930762696,
    "kappa": 0.7284307260160494,
    "train_sharpe": 1.447285634439723,
    "gamma_empirical": 0.08402580930762696,
    "kappa_empirical": 7.284307260160494,
    "empirical_sharpe": -7.076316845895185,
    "avg_variance_level": 0.05665452243616821,
    "spread_std": 8.667142417072512
}